<?xml version='1.0' encoding='UTF-8' ?>
<timeLogEntries>
  <time id="1" path="/Non Project/PSP Fundamentals &amp; Advanced/psp1/Planning" start="@1487544664000" delta="37" />
  <time id="2" path="/Non Project/PSP Fundamentals &amp; Advanced/psp1/Design" start="@1487546281000" delta="6" />
  <time id="3" path="/Non Project/PSP Fundamentals &amp; Advanced/psp1/Design" start="@1487546686000" delta="32" />
  <time id="4" path="/Proyecto/PSP1/Code" start="@1487546844000" delta="3" />
  <time id="5" path="/Proyecto/PSP1/Code" start="@1487550514000" delta="29" />
  <time id="6" path="/Proyecto/PSP1/Code" start="@1487561821000" delta="88" />
  <time id="8" path="/Proyecto/PSP1/Compile" start="@1487640018118" delta="5" />
  <time id="9" path="/Proyecto/PSP1/Compile" start="@1487640026349" />
  <time id="10" path="/Proyecto/PSP1/Code" start="@1487640061685" delta="12" />
  <time id="11" path="/Proyecto/PSP1/Code" start="@1487640070053" />
  <time id="12" path="/Proyecto/PSP1/Test" start="@1487640079000" delta="11" />
  <time id="14" path="/Proyecto/PSP1/Planning" start="@1487544664000" delta="37" />
  <time id="15" path="/Proyecto/PSP1/Design" start="@1487546281000" delta="6" />
  <time id="16" path="/Proyecto/PSP1/Design" start="@1487546686000" delta="32" />
  <time id="17" path="/Proyecto/PSP1/Postmortem" start="@1487642429000" delta="25" />
</timeLogEntries>
